{
    "10000": {
        "lst_rouge_1_f": 0.2829972833734508,
        "lst_rouge_1_p": 0.2950201324862507,
        "lst_rouge_1_r": 0.2826701914895453,
        "lst_rouge_2_f": 0.09399209507553037,
        "lst_rouge_2_p": 0.09810047441413049,
        "lst_rouge_2_r": 0.09415108140823945,
        "lst_rouge_l_f": 0.2850128889658648,
        "lst_rouge_l_p": 0.3151537400271732,
        "lst_rouge_l_r": 0.2697530407918676
    }
}