{
    "Ep_250_Ds_10000_Lr_0.001_Hs_256_Ml_0.5_Tf_0.5_GR_100_test_result.json": {
        "lst_rouge_1_f": 0.2448325369355694,
        "lst_rouge_1_p": 0.25906040272752523,
        "lst_rouge_1_r": 0.2411417605992649,
        "lst_rouge_2_f": 0.06528742585397183,
        "lst_rouge_2_p": 0.06935678050492647,
        "lst_rouge_2_r": 0.06431520501843133,
        "lst_rouge_l_f": 0.24405356061158145,
        "lst_rouge_l_p": 0.2733499620980139,
        "lst_rouge_l_r": 0.22868012114133227
    },
    "Ep_250_Ds_10000_Lr_0.01_Hs_256_Ml_0.08_Tf_0.5_GR_100_test_result.json": {
        "lst_rouge_1_f": 0.23307593076841313,
        "lst_rouge_1_p": 0.24138204233559624,
        "lst_rouge_1_r": 0.2351214534634611,
        "lst_rouge_2_f": 0.05258209238474496,
        "lst_rouge_2_p": 0.05454576574374464,
        "lst_rouge_2_r": 0.05314623452873748,
        "lst_rouge_l_f": 0.2261600764716287,
        "lst_rouge_l_p": 0.24499639535472725,
        "lst_rouge_l_r": 0.217878623209526
    },
    "Ep_250_Ds_10000_Lr_0.01_Hs_256_Ml_0.2_Tf_0.5_GR_100_test_result.json": {
        "lst_rouge_1_f": 0.23400372772359018,
        "lst_rouge_1_p": 0.2459197715540512,
        "lst_rouge_1_r": 0.23367206950427466,
        "lst_rouge_2_f": 0.053998962289435085,
        "lst_rouge_2_p": 0.05697547544365448,
        "lst_rouge_2_r": 0.053953727647934616,
        "lst_rouge_l_f": 0.23150991224474018,
        "lst_rouge_l_p": 0.2585631802893491,
        "lst_rouge_l_r": 0.2177676970572051
    },
    "Ep_250_Ds_10000_Lr_0.01_Hs_256_Ml_0.3_Tf_0.5_GR_100_test_result.json": {
        "lst_rouge_1_f": 0.24037893767492238,
        "lst_rouge_1_p": 0.25494851806874186,
        "lst_rouge_1_r": 0.23883055023244146,
        "lst_rouge_2_f": 0.05577672660425925,
        "lst_rouge_2_p": 0.05930988247998672,
        "lst_rouge_2_r": 0.0555909235741037,
        "lst_rouge_l_f": 0.23972301775141014,
        "lst_rouge_l_p": 0.2733069734779971,
        "lst_rouge_l_r": 0.2218221220820659
    },
    "Ep_250_Ds_20000_Lr_0.001_Hs_256_Ml_0.4_Tf_0.5_GR_100_test_result.json": {
        "lst_rouge_1_f": 0.2829972833734508,
        "lst_rouge_1_p": 0.2950201324862507,
        "lst_rouge_1_r": 0.2826701914895453,
        "lst_rouge_2_f": 0.09399209507553037,
        "lst_rouge_2_p": 0.09810047441413049,
        "lst_rouge_2_r": 0.09415108140823945,
        "lst_rouge_l_f": 0.2850128889658648,
        "lst_rouge_l_p": 0.3151537400271732,
        "lst_rouge_l_r": 0.2697530407918676
    }
}